{"cameraMode":{"drawMode":0,"name":"Shaded","section":"Shading Mode"},"sceneLighting":false,"audioPlay":false,"sceneViewState":{"showFog":true,"showMaterialUpdate":false,"showSkybox":true,"showFlares":true,"showImageEffects":true,"showParticleSystems":true},"in2DMode":false,"pivot":{"x":-1.9980368614196778,"y":0.005545139312744141,"z":-2.2535343170166017},"rotation":{"x":-0.08337591588497162,"y":0.6819241642951965,"z":-0.0787062719464302,"w":-0.7223802208900452},"size":12.381692886352539,"orthographic":false}