{"cameraMode":{"drawMode":0,"name":"Shaded","section":"Shading Mode"},"sceneLighting":true,"audioPlay":false,"sceneViewState":{"showFog":true,"showMaterialUpdate":false,"showSkybox":true,"showFlares":true,"showImageEffects":true,"showParticleSystems":true},"in2DMode":false,"pivot":{"x":62.80451965332031,"y":243.22372436523438,"z":-287.5073547363281},"rotation":{"x":-0.01709400862455368,"y":0.19019156694412232,"z":-0.003319535171613097,"w":-0.98159259557724},"size":65.172119140625,"orthographic":false}