{"cameraMode":{"drawMode":0,"name":"Shaded","section":"Shading Mode"},"sceneLighting":false,"audioPlay":false,"sceneViewState":{"showFog":true,"showMaterialUpdate":false,"showSkybox":true,"showFlares":true,"showImageEffects":true,"showParticleSystems":true},"in2DMode":false,"pivot":{"x":-6.482316017150879,"y":12.847756385803223,"z":32.914520263671878},"rotation":{"x":0.2426544725894928,"y":0.4888589084148407,"z":-0.14369477331638337,"w":0.8255226016044617},"size":0.15788418054580689,"orthographic":false}