{"cameraMode":{"drawMode":0,"name":"Shaded","section":"Shading Mode"},"sceneLighting":false,"audioPlay":false,"sceneViewState":{"showFog":true,"showMaterialUpdate":false,"showSkybox":true,"showFlares":true,"showImageEffects":true,"showParticleSystems":true},"in2DMode":false,"pivot":{"x":-2.2812275886535646,"y":1.3264819383621216,"z":-1.4483938217163087},"rotation":{"x":0.02663443237543106,"y":-0.9710019826889038,"z":0.13009560108184815,"w":0.1987987756729126},"size":5.776583671569824,"orthographic":false}