{"cameraMode":{"drawMode":0,"name":"Shaded","section":"Shading Mode"},"sceneLighting":false,"audioPlay":false,"sceneViewState":{"showFog":true,"showMaterialUpdate":false,"showSkybox":true,"showFlares":true,"showImageEffects":true,"showParticleSystems":true},"in2DMode":false,"pivot":{"x":-64.48766326904297,"y":70.2877426147461,"z":-30.78713035583496},"rotation":{"x":0.17951448261737824,"y":0.5301617980003357,"z":-0.11598929762840271,"w":0.8205178380012512},"size":4.957884311676025,"orthographic":false}