{"cameraMode":{"drawMode":0,"name":"Shaded","section":"Shading Mode"},"sceneLighting":false,"audioPlay":false,"sceneViewState":{"showFog":true,"showMaterialUpdate":false,"showSkybox":true,"showFlares":true,"showImageEffects":true,"showParticleSystems":true},"in2DMode":false,"pivot":{"x":12.003853797912598,"y":-4.126033306121826,"z":-34.33258056640625},"rotation":{"x":-0.1158447414636612,"y":0.6032119989395142,"z":-0.08912429213523865,"w":-0.784074068069458},"size":2.2578840255737306,"orthographic":false}