{"cameraMode":{"drawMode":0,"name":"Shaded","section":"Shading Mode"},"sceneLighting":true,"audioPlay":false,"sceneViewState":{"showFog":true,"showMaterialUpdate":false,"showSkybox":true,"showFlares":true,"showImageEffects":true,"showParticleSystems":true},"in2DMode":false,"pivot":{"x":-171.39329528808595,"y":-21.985153198242189,"z":-57.7637825012207},"rotation":{"x":0.2062358558177948,"y":-0.7349139451980591,"z":0.2554198205471039,"w":0.5934046506881714},"size":400.00128173828127,"orthographic":false}