{"cameraMode":{"drawMode":0,"name":"Shaded","section":"Shading Mode"},"sceneLighting":false,"audioPlay":false,"sceneViewState":{"showFog":true,"showMaterialUpdate":false,"showSkybox":true,"showFlares":true,"showImageEffects":true,"showParticleSystems":true},"in2DMode":false,"pivot":{"x":-3.9960732460021974,"y":0.011090278625488282,"z":-4.507068634033203},"rotation":{"x":0.02603505551815033,"y":-0.9501320719718933,"z":0.08257164061069489,"w":0.29958826303482058},"size":2.9392800331115724,"orthographic":false}