{"cameraMode":{"drawMode":0,"name":"Shaded","section":"Shading Mode"},"sceneLighting":false,"audioPlay":false,"sceneViewState":{"showFog":true,"showMaterialUpdate":false,"showSkybox":true,"showFlares":true,"showImageEffects":true,"showParticleSystems":true},"in2DMode":false,"pivot":{"x":-8.851895332336426,"y":4.506617546081543,"z":-5.457714080810547},"rotation":{"x":-0.17481809854507447,"y":-0.6379742622375488,"z":0.1518601030111313,"w":-0.7344154715538025},"size":8.786608695983887,"orthographic":false}