{"cameraMode":{"drawMode":0,"name":"Shaded","section":"Shading Mode"},"sceneLighting":false,"audioPlay":false,"sceneViewState":{"showFog":true,"showMaterialUpdate":false,"showSkybox":true,"showFlares":true,"showImageEffects":true,"showParticleSystems":true},"in2DMode":false,"pivot":{"x":-21.77420997619629,"y":-5.313841819763184,"z":-29.19917869567871},"rotation":{"x":0.02603505551815033,"y":-0.9501320719718933,"z":0.08257164061069489,"w":0.29958826303482058},"size":35.976654052734378,"orthographic":false}