{"cameraMode":{"drawMode":0,"name":"Shaded","section":"Shading Mode"},"sceneLighting":false,"audioPlay":false,"sceneViewState":{"showFog":true,"showMaterialUpdate":false,"showSkybox":true,"showFlares":true,"showImageEffects":true,"showParticleSystems":true},"in2DMode":false,"pivot":{"x":1.4256582260131837,"y":-1.126887321472168,"z":-1.3979201316833497},"rotation":{"x":-0.12623287737369538,"y":-0.8587771058082581,"z":0.2541091740131378,"w":-0.42660951614379885},"size":5.257884502410889,"orthographic":false}