{"cameraMode":{"drawMode":0,"name":"Shaded","section":"Shading Mode"},"sceneLighting":true,"audioPlay":false,"sceneViewState":{"showFog":true,"showMaterialUpdate":false,"showSkybox":true,"showFlares":true,"showImageEffects":true,"showParticleSystems":true},"in2DMode":false,"pivot":{"x":12.055656433105469,"y":131.63131713867188,"z":19.88288116455078},"rotation":{"x":-0.05846216529607773,"y":-0.27834853529930117,"z":0.01696919836103916,"w":-0.9585490822792053},"size":153.15919494628907,"orthographic":false}