{"cameraMode":{"drawMode":18,"name":"Baked Lightmap","section":"Baked Global Illumination"},"sceneLighting":true,"audioPlay":false,"sceneViewState":{"showFog":true,"showMaterialUpdate":false,"showSkybox":true,"showFlares":true,"showImageEffects":true,"showParticleSystems":true},"in2DMode":false,"pivot":{"x":28.827808380126954,"y":155.91250610351563,"z":-15.343345642089844},"rotation":{"x":0.254961758852005,"y":-0.27656203508377077,"z":0.07636156678199768,"w":0.9234050512313843},"size":496.2503356933594,"orthographic":true}